use marote;
INSERT INTO productos(id_tipo_procesado,id_categoria,nomproducto) VALUES
	(1,10,'Banquito TRI Hogar'),
	(1,7,'Maceta TRI'),
	(1,8,'Cucha Basica'),
	(1,8,'Cucha GYM'),
	(1,8,'Cucha Gym + Almohadon'),
	(1,8,'Cucha Gym + Almohadon + Transp.'),
	(1,8,'Canil'),
	(4,8,'Almohadon'),
	(2,7,'Maceta Petisa'),
	(2,7,'Maceta Petisa con logo'),
	(4,7,'Opcion papel plantable + bolsa'),
	(2,2,'Porta sobres de azucar'),
	(2,2,'Porta sobres de azucar con logo'),
	(2,2,'Porta adiciones'),
	(2,2,'Porta adiciones con logo'),
	(2,1,'Llavero circular'),
	(2,1,'Llavero circular con logo'),
	(2,1,'Llavero porta celular'),
	(2,1,'Llavero porta celular con logo'),
	(2,5,'Jabonera'),
	(2,5,'Porta cepillos de dientes'),
	(2,5,'Kit Baño'),
	(2,4,'Soporte de notebook'),
	(2,4,'Soporte de notebook con logo'),
	(2,4,'Soporte porta celular'),
	(2,4,'Soporte porta celular liso'),
	(2,4,'Soporte porta celular Con logo'),
	(1,9,'Cesto 75lts'),
	(1,9,'Cesto 50lts'),
	(1,9,'Cesto 25lts'),
	(4,9,'Tapa de acero/ humeddos'),
	(4,9,'Isla sola para 3 cestos'),
	(1,7,'Maceta 75lts'),
	(1,7,'Maceta 50lts'),
	(1,10,'Banqueta'),
	(4,10,'Tiradores'),
	(1,10,'Banquito TRI Urbano'),
	(1,9,'Cesto PR60'),
	(1,6,'Bicicletero'),
	(1,6,'Bolardo enterrar'),
	(1,6,'Bolardo Abulonar');

INSERT INTO precioslista(id_producto,preciol) VALUES
	(1,5600),
	(2,5300),
	(3,5900),
	(4,6900),
	(5,8500),
	(6,10600),
	(7,3000),
	(8,2200),
	(9,650),
	(10,null),
	(11,110),
	(12,550),
	(13,null),
	(14,850),
	(15,null),
	(16,150),
	(17,null),
	(18,300),
	(19,null),
	(20,850),
	(21,1300),
	(22,2700),
	(23,1700),
	(24,null),
	(25,850),
	(26,500),
	(27,null),
	(28,8300),
	(29,6900),
	(30,3900),
	(31,1000),
	(32,23400),
	(33,6400),
	(34,5900),
	(35,10600),
	(36,300),
	(37,null),
	(38,null),
	(39,null),
	(40,null),
	(41,null);

INSERT INTO preciosmayorista(id_producto,id_cantmayorista,preciom) VALUES
	(1,3,5100),
	(2,3,5300),
	(3,3,5400),
	(4,3,6300),
	(5,3,7700),
	(6,3,9600),
	(7,3,2700),
	(8,3,2000),
	(9,8,460),
	(10,8,460),
	(11,18,null),
	(12,7,450),
	(13,7,450),
	(14,7,450),
	(15,7,600),
	(16,9,105),
	(17,11,170),
	(18,9,210),
	(19,11,250),
	(19,14,210),
	(20,7,600),
	(21,7,800),
	(22,18,null),
	(23,6,1400),
	(24,15,1500),
	(24,17,1400),
	(24,14,1200),
	(25,7,450),
	(26,18,null),
	(27,16,500),
	(27,14,450),
	(28,3,6700),
	(29,3,5500),
	(30,3,2800),
	(31,18,null),
	(32,1,22300),
	(33,3,6100),
	(33,8,5800),
	(34,3,5650),
	(34,8,5350),
	(35,3,10100),
	(35,8,9600),
	(36,8,200),
	(37,3,8500),
	(37,8,7650),
	(38,3,29700),
	(38,8,26800),
	(39,3,12800),
	(39,8,11600),
	(40,3,15900),
	(40,8,14400),
	(41,3,16500),
	(41,8,14900);

INSERT INTO productosalmacen(id_producto,id_categoria,nombre,color,stock_disponible,descripcion,creada_el) VALUES
	(16,1,'Lavero circular','Verde T.',7,'',NOW()),
	(16,1,'Lavero circular','Fucsia T.',5,'',NOW()),
	(16,1,'Lavero circular','Blanco T.',7,'',NOW()),
	(16,1,'Lavero circular','Azul T.',14,'',NOW()),
	(16,1,'Lavero circular','Amarillo T.',13,'',NOW()),
	(16,1,'Lavero circular','Rojo T.',19,'',NOW()),
	(14,1,'Porta adiciones','Multicolor',1,'',NOW()),
	(14,2,'Porta adiciones','Blanco T.',1,'',NOW()),
	(14,2,'Porta adiciones','Negro T.',1,'',NOW()),
	(14,2,'Porta adiciones','Verde T.',4,'',NOW()),
	(14,2,'Porta adiciones','Negro',9,'',NOW()),
	(14,2,'Porta adiciones','Blanco',3,'',NOW()),
	(14,2,'Porta adiciones','Amarillo T.',4,'',NOW()),
	(12,2,'Porta azucar','Fucsia T.',3,'',NOW()),
	(12,2,'Porta azucar','Blanco',1,'',NOW()),
	(12,2,'Porta azucar','Verde T.',2,'',NOW()),
	(12,2,'Porta azucar','Multicolor',1,'',NOW()),
	(12,2,'Porta azucar','Negro T.',1,'',NOW()),
	(8,8,'Almohadon cucha','Blanco',17,'',NOW()),
	(null,3,'Bolsa de soporte de notebook','Blanco',138,'',NOW()),
	(26,4,'soporte de telefono','Rojo',7,'',NOW()),
	(26,4,'soporte de telefono','Amarillo',2,'',NOW()),
	(26,4,'soporte de telefono','Verde',1,'',NOW()),
	(26,4,'soporte de telefono','Naranjas',2,'',NOW()),
	(25,4,'soporte de telefono','Negro T.',4,'',NOW()),
	(25,4,'soporte de telefono','Rosa T.',4,'',NOW()),
	(25,4,'soporte de telefono','Azul T.',4,'',NOW()),
	(25,4,'soporte de telefono','Blanco T.',6,'',NOW()),
	(25,4,'soporte de telefono','Cyan T.',1,'',NOW()),
	(25,4,'soporte de telefono','Amarillo T.',2,'',NOW()),
	(25,4,'soporte de telefono','Naranja T.',11,'',NOW()),
	(25,4,'soporte de telefono','Rojo T.',1,'',NOW()),
	(25,4,'soporte de telefono','Celeste T.',4,'',NOW()),
	(20,5,'Jabonera','Negro T.',44,'',NOW()),
	(20,5,'Jabonera','Multicolor',1,'',NOW()),
	(20,5,'Jabonera','Celeste T.',39,'',NOW()),
	(20,5,'Jabonera','Blanco T.',54,'',NOW()),
	(20,5,'Jabonera','Fucsia T.',14,'',NOW()),
	(21,5,'Porta cepillos de dientes','Blanco T.',28,'',NOW()),
	(21,5,'Porta cepillos de dientes','Negro T.',4,'',NOW()),
	(21,5,'Porta cepillos de dientes','Fucsia T.',4,'',NOW()),
	(21,5,'Porta cepillos de dientes','Azul T.',5,'',NOW()),
	(39,6,'Bicicleteros','Amarillo',4,'',NOW()),
	(39,6,'Bicicleteros','Multicolor',3,'',NOW()),
	(39,6,'Bicicleteros','Verde',1,'',NOW()),
	(39,6,'Bicicleteros','Negro',1,'',NOW()),
	(39,6,'Bicicleteros','Blanco',1,'',NOW()),
	(null,7,'Plato de maceta','Negro',20,'',NOW()),
	(null,7,'Plato de maceta','Negro T.',4,'',NOW()),
	(null,7,'Plato de maceta','Blanco',12,'',NOW()),
	(null,7,'Plato de maceta','Blanco T.',12,'',NOW()),
	(null,7,'Plato de maceta','Verde T.',21,'',NOW()),
	(null,7,'Plato de maceta','Azul T.',4,'',NOW()),
	(null,7,'Plato de maceta','Amarillo T.',9,'',NOW()),
	(null,7,'Plato de maceta','Rojo',1,'',NOW()),
	(null,7,'Plato de maceta','Azul T.',1,'',NOW()),
	(null,7,'Plato de maceta','Fucsia T.',13,'',NOW()),
	(9,7,'Macetas petisas','Blanco',226,'',NOW()),
	(9,7,'Macetas petisas','Negro',268,'',NOW()),
	(9,7,'Macetas petisas','Rojo T.',2,'',NOW()),
	(9,7,'Macetas petisas','Blanco T.',20,'',NOW()),
	(9,7,'Macetas petisas','Negro T.',6,'',NOW()),
	(9,7,'Macetas petisas','Verde T.',5,'',NOW()),
	(9,7,'Macetas petisas','Celeste T.',1,'',NOW()),
	(9,7,'Macetas petisas','Azul T.',10,'',NOW()),
	(9,7,'Macetas petisas','Fucsia T.',8,'',NOW()),
	(9,7,'Macetas petisas','Cyan T.',3,'',NOW()),
	(9,7,'Macetas petisas','Amarillo T.',10,'',NOW()),
	(4,8,'Cucheta TRI Gym','Amarillo',1,'',NOW()),
	(4,8,'Cucheta TRI Gym','Azul',1,'',NOW()),
	(4,8,'Cucheta TRI Gym','Negro',1,'',NOW()),
	(4,8,'Cucheta TRI Gym','Blanco',1,'',NOW()),
	(24,4,'Soporte para notebook','Negro',390,'',NOW()),
	(23,4,'Soporte para notebook','Blanco',78,'',NOW()),
	(23,4,'Soporte para notebook','Gris claro',5,'',NOW()),
	(23,4,'Soporte para notebook','Gris oscuro',7,'',NOW()),
	(23,4,'Soporte para notebook','Azul oscuro',84,'',NOW()),
	(23,4,'Soporte para notebook','Marron',75,'',NOW()),
	(23,4,'Soporte para notebook','Rojo',65,'',NOW()),
	(23,4,'Soporte para notebook','Azul',110,'',NOW()),
	(23,4,'Soporte para notebook','Verde oscuro',6,'',NOW()),
	(23,4,'Soporte para notebook','Verde manzana',4,'',NOW()),
	(23,4,'Soporte para notebook','Verde',39,'',NOW()),
	(23,4,'Soporte para notebook','Negro T.',122,'',NOW()),
	(23,4,'Soporte para notebook','Marron T.',5,'',NOW()),
	(23,4,'Soporte para notebook','Azul T.',1,'',NOW()),
	(23,4,'Soporte para notebook','Blanco T.',5,'',NOW()),
	(23,4,'Soporte para notebook','Verde T.',1,'',NOW()),
	(1,10,'Banquitos TRI','Rojo',1,'',NOW()),
	(1,10,'Banquitos TRI','Azul',4,'',NOW()),
	(1,10,'Banquitos TRI','Amarillo',2,'',NOW()),
	(1,10,'Banquitos TRI','Multicolor',3,'',NOW()),
	(1,10,'Banquitos TRI','Blanco',2,'',NOW()),
	(1,10,'Banquitos TRI','Negro',3,'',NOW()),
	(1,10,'Banquitos TRI','Celeste',2,'',NOW()),
	(1,10,'Banquitos TRI','Blanco T.',7,'',NOW()),
	(1,10,'Banquitos TRI','Verde',1,'',NOW()),
	(1,10,'Banquitos TRI','Gris',1,'',NOW()),
	(null,9,'Cesto cilindrico','Soporte amarillo',1,'',NOW()),
	(null,9,'Tapa de cesto','Rojo',17,'',NOW()),
	(null,9,'Tapa de cesto','Negro',10,'',NOW()),
	(null,9,'Tapa de cesto','Blanco',2,'',NOW()),
	(null,9,'Tapa de cesto','Azul',6,'',NOW()),
	(null,9,'Tapa de cesto','Amarillo',8,'',NOW()),
	(null,9,'Tapa de cesto','Azul',4,'',NOW()),
	(null,9,'Tapa de cesto','Amarillo',2,'',NOW()),
	(null,9,'Tapa de cesto','Multicolor',3,'',NOW()),
	(null,9,'Tapa de cesto','Blanco',2,'',NOW()),
	(null,9,'Tapa de cesto','Negro',3,'',NOW()),
	(null,9,'Tapa de cesto','Celeste',2,'',NOW()),
	(null,9,'Tapa de cesto','Blanco T.',7,'',NOW()),
	(null,9,'Tapa de cesto','Verde',1,'',NOW()),
	(null,9,'Tapa de cesto','Gris',1,'',NOW()),
	(28,9,'Cestos 75lts','Negros',22,'',NOW()),
	(28,9,'Cestos 75lts','Azules',5,'',NOW()),
	(28,9,'Cestos 75lts','Amarillo',1,'',NOW()),
	(28,9,'Cestos 75lts','Multicolor',3,'',NOW()),
	(28,9,'Cestos 75lts','Blanco',1,'',NOW()),
	(28,9,'Cestos 75lts','Gris',1,'',NOW()),
	(28,9,'Cestos 75lts','Verde',1,'',NOW()),
	(28,9,'Cestos 75lts','Rosa',1,'',NOW()),
	(29,9,'Cestos 50lts','Verde',1,'Sin cortar',NOW()),
	(29,9,'Cestos 50lts','Negro',3,'Sin cortar',NOW()),
	(29,9,'Cestos 50lts','Rosa',1,'',NOW()),
	(null,9,'Cestos 3lts','Gris',2,'',NOW()),
	(null,9,'Cestos 3lts','Blanco',2,'',NOW());