/*
	ADVERTENCIA
	Si desea ejecutar este script.sql, asegurese de que no haya sido ejecutado antes en la base de datos,
	de lo contrario los datos se veran duplicados.
*/

/*Seleccionamos la base de datos a usar*/
use marote;


/*
	Insertamos productos con su respectivo tipo de elaboracion(produccion(id_tipo_procesado)), 
	su categoria correspondiente(categoria(id_categoria)), el nombre y codigo del producto.
*/
INSERT INTO productos(id_tipo_procesado,id_categoria,nomproducto,codigo) VALUES
	(1,10,'Banquito TRI Hogar','BT.00.00'),
	(1,7,'Maceta TRI','MT.00.00'),
	(1,8,'Cucha Basica','CT.00.00'),
	(1,8,'Cucha GYM',null),
	(1,8,'Cucha Gym + Almohadon',null),
	(1,8,'Cucha Gym + Almohadon + Transp.',null),
	(1,8,'Canil',null),
	(4,8,'Almohadon','CT.02.02'),
	(2,7,'Maceta Petisa','MP.00.00'),
	(2,7,'Maceta Petisa con logo','MP.02.03'),
	(4,7,'Opcion papel plantable + bolsa','MP.02.01'),
	(2,2,'Porta sobres de azucar','AZ.00.00'),
	(2,2,'Porta sobres de azucar con logo','AZ.02.01'),
	(2,2,'Porta adiciones','PA.00.00'),
	(2,2,'Porta adiciones con logo','PA.02.01'),
	(2,1,'Llavero circular','LR.00.00'),
	(2,1,'Llavero circular con logo','LR.02.01'),
	(2,1,'Llavero porta celular','LC.00.00'),
	(2,1,'Llavero porta celular con logo','LC.02.01'),
	(2,5,'Jabonera','JA.00.00'),
	(2,5,'Porta cepillos de dientes','PC.00.00'),
	(2,5,'Kit Baño',null),
	(2,4,'Soporte de notebook','SN.00.00'),
	(2,4,'Soporte de notebook con logo','SN.02.01'),
	(2,4,'Soporte porta celular','SC.00.00'),
	(2,4,'Soporte porta celular liso','SC.00.00'),
	(2,4,'Soporte porta celular Con logo','SC.02.01'),
	(1,9,'Cesto 75lts','C7.00.00'),
	(1,9,'Cesto 50lts','C5.00.00'),
	(1,9,'Cesto 25lts','C2.00.00'),
	(4,9,'Tapa de acero/ humedos',null),
	(4,9,'Isla sola para 3 cestos',null),
	(1,7,'Maceta 75lts','M7.00.00'),
	(1,7,'Maceta 50lts','M5.00.00'),
	(1,10,'Banqueta',null),
	(4,10,'Tiradores','C7.01.01'),
	(1,10,'Banquito TRI Urbano','BT.00.00'),
	(1,9,'Cesto PR60','CP.00.00'),
	(1,6,'Bicicletero','BI.00.00'),
	(1,6,'Bolardo enterrar','BE.00.00'),
	(1,6,'Bolardo Abulonar','BA.00.00');

/*
	Insertamos los precios de cada producto por su compra individual,
	mediante el id del producto(productos(id_producto)) y el precio individual de ese producto,
	en caso de no tener un precio individual insertamos un dato tipo nulo(null).
*/
INSERT INTO precioslista(id_producto,preciol) VALUES
	(1,5600),
	(2,5300),
	(3,5900),
	(4,6900),
	(5,8500),
	(6,10600),
	(7,3000),
	(8,2200),
	(9,650),
	(10,null),
	(11,110),
	(12,550),
	(13,null),
	(14,850),
	(15,null),
	(16,150),
	(17,null),
	(18,300),
	(19,null),
	(20,850),
	(21,1300),
	(22,2700),
	(23,1700),
	(24,null),
	(25,850),
	(26,500),
	(27,null),
	(28,8300),
	(29,6900),
	(30,3900),
	(31,1000),
	(32,23400),
	(33,6400),
	(34,5900),
	(35,10600),
	(36,300),
	(37,null),
	(38,null),
	(39,null),
	(40,null),
	(41,null);

/*
	Insertamos los precios mayoristas al producto mediante el id del producto(productos(id_producto)),
	asignamos la cantidad mayorista a este precio(cantmayorista(id_cantmayorista)) y por ultimo asignamos,
	finalmente, el precio al producto.
*/
INSERT INTO preciosmayorista(id_producto,id_cantmayorista,preciom) VALUES
	(1,3,5100),
	(2,3,5300),
	(3,3,5400),
	(4,3,6300),
	(5,3,7700),
	(6,3,9600),
	(7,3,2700),
	(8,3,2000),
	(9,8,460),
	(10,8,460),
	(11,18,null),
	(12,7,450),
	(13,7,450),
	(14,7,450),
	(15,7,600),
	(16,9,105),
	(17,11,170),
	(18,9,210),
	(19,11,250),
	(19,14,210),
	(20,7,600),
	(21,7,800),
	(22,18,null),
	(23,6,1400),
	(24,15,1500),
	(24,17,1400),
	(24,14,1200),
	(25,7,450),
	(26,18,null),
	(27,16,500),
	(27,14,450),
	(28,3,6700),
	(29,3,5500),
	(30,3,2800),
	(31,18,null),
	(32,1,22300),
	(33,3,6100),
	(33,8,5800),
	(34,3,5650),
	(34,8,5350),
	(35,3,10100),
	(35,8,9600),
	(36,8,200),
	(37,3,8500),
	(37,8,7650),
	(38,3,29700),
	(38,8,26800),
	(39,3,12800),
	(39,8,11600),
	(40,3,15900),
	(40,8,14400),
	(41,3,16500),
	(41,8,14900);

/*
	Insertamos los productos guardados en el almacen, lo identificamos con el id del producto((productos(id_producto))
	para relacionalo con el stock, asignamos su categoria(categoria(id_categoria)), para poder filtrarlo en la tabla,
	se añaden el codigo y nombre corresondiente para identificacion del usuario, se agrega la cantidad de stock que se
	tiene de un producto, un descripcion(si tiene) y la fecha de creacion del registro en la tabla(Se utiliza la funcion NOW() de SQL).
*/
INSERT INTO productosalmacen(id_producto,id_categoria,codigo,nombre,color,stock_disponible,descripcion,creada_el) VALUES
	(16,1,'LR.00.00','Lavero circular','Verde T.',7,'',NOW()),
	(16,1,'LR.00.00','Lavero circular','Fucsia T.',5,'',NOW()),
	(16,1,'LR.00.00','Lavero circular','Blanco T.',7,'',NOW()),
	(16,1,'LR.00.00','Lavero circular','Azul T.',14,'',NOW()),
	(16,1,'LR.00.00','Lavero circular','Amarillo T.',13,'',NOW()),
	(16,1,'LR.00.00','Lavero circular','Rojo T.',19,'',NOW()),
	(14,1,'PA.00.00','Porta adiciones','Multicolor',1,'',NOW()),
	(14,2,'PA.00.00','Porta adiciones','Blanco T.',1,'',NOW()),
	(14,2,'PA.00.00','Porta adiciones','Negro T.',1,'',NOW()),
	(14,2,'PA.00.00','Porta adiciones','Verde T.',4,'',NOW()),
	(14,2,'PA.00.00','Porta adiciones','Negro',9,'',NOW()),
	(14,2,'PA.00.00','Porta adiciones','Blanco',3,'',NOW()),
	(14,2,'PA.00.00','Porta adiciones','Amarillo T.',4,'',NOW()),
	(12,2,'AZ.00.00','Porta azucar','Fucsia T.',3,'',NOW()),
	(12,2,'AZ.00.00','Porta azucar','Blanco',1,'',NOW()),
	(12,2,'AZ.00.00','Porta azucar','Verde T.',2,'',NOW()),
	(12,2,'AZ.00.00','Porta azucar','Multicolor',1,'',NOW()),
	(12,2,'AZ.00.00','Porta azucar','Negro T.',1,'',NOW()),
	(8,8,'CT.02.02','Almohadon cucha','Blanco',17,'',NOW()),
	(null,3,'','Bolsa de soporte de notebook','Blanco',138,'',NOW()),
	(26,4,'SC.00.00','soporte de telefono','Rojo',7,'',NOW()),
	(26,4,'SC.00.00','soporte de telefono','Amarillo',2,'',NOW()),
	(26,4,'SC.00.00','soporte de telefono','Verde',1,'',NOW()),
	(26,4,'SC.00.00','soporte de telefono','Naranjas',2,'',NOW()),
	(25,4,'SC.00.00','soporte de telefono','Negro T.',4,'',NOW()),
	(25,4,'SC.00.00','soporte de telefono','Rosa T.',4,'',NOW()),
	(25,4,'SC.00.00','soporte de telefono','Azul T.',4,'',NOW()),
	(25,4,'SC.00.00','soporte de telefono','Blanco T.',6,'',NOW()),
	(25,4,'SC.00.00','soporte de telefono','Cyan T.',1,'',NOW()),
	(25,4,'SC.00.00','soporte de telefono','Amarillo T.',2,'',NOW()),
	(25,4,'SC.00.00','soporte de telefono','Naranja T.',11,'',NOW()),
	(25,4,'SC.00.00','soporte de telefono','Rojo T.',1,'',NOW()),
	(25,4,'SC.00.00','soporte de telefono','Celeste T.',4,'',NOW()),
	(20,5,'JA.00.00','Jabonera','Negro T.',44,'',NOW()),
	(20,5,'JA.00.00','Jabonera','Multicolor',1,'',NOW()),
	(20,5,'JA.00.00','Jabonera','Celeste T.',39,'',NOW()),
	(20,5,'JA.00.00','Jabonera','Blanco T.',54,'',NOW()),
	(20,5,'JA.00.00','Jabonera','Fucsia T.',14,'',NOW()),
	(21,5,'PC.00.00','Porta cepillos de dientes','Blanco T.',28,'',NOW()),
	(21,5,'PC.00.00','Porta cepillos de dientes','Negro T.',4,'',NOW()),
	(21,5,'PC.00.00','Porta cepillos de dientes','Fucsia T.',4,'',NOW()),
	(21,5,'PC.00.00','Porta cepillos de dientes','Azul T.',5,'',NOW()),
	(39,6,'BI.00.00','Bicicleteros','Amarillo',4,'',NOW()),
	(39,6,'BI.00.00','Bicicleteros','Multicolor',3,'',NOW()),
	(39,6,'BI.00.00','Bicicleteros','Verde',1,'',NOW()),
	(39,6,'BI.00.00','Bicicleteros','Negro',1,'',NOW()),
	(39,6,'BI.00.00','Bicicleteros','Blanco',1,'',NOW()),
	(null,7,'MP.01.01','Plato de maceta','Negro',20,'',NOW()),
	(null,7,'MP.01.01','Plato de maceta','Negro T.',4,'',NOW()),
	(null,7,'MP.01.01','Plato de maceta','Blanco',12,'',NOW()),
	(null,7,'MP.01.01','Plato de maceta','Blanco T.',12,'',NOW()),
	(null,7,'MP.01.01','Plato de maceta','Verde T.',21,'',NOW()),
	(null,7,'MP.01.01','Plato de maceta','Azul T.',4,'',NOW()),
	(null,7,'MP.01.01','Plato de maceta','Amarillo T.',9,'',NOW()),
	(null,7,'MP.01.01','Plato de maceta','Rojo',1,'',NOW()),
	(null,7,'MP.01.01','Plato de maceta','Azul T.',1,'',NOW()),
	(null,7,'MP.01.01','Plato de maceta','Fucsia T.',13,'',NOW()),
	(9,7,'MP.00.00','Macetas petisas','Blanco',226,'',NOW()),
	(9,7,'MP.00.00','Macetas petisas','Negro',268,'',NOW()),
	(9,7,'MP.00.00','Macetas petisas','Rojo T.',2,'',NOW()),
	(9,7,'MP.00.00','Macetas petisas','Blanco T.',20,'',NOW()),
	(9,7,'MP.00.00','Macetas petisas','Negro T.',6,'',NOW()),
	(9,7,'MP.00.00','Macetas petisas','Verde T.',5,'',NOW()),
	(9,7,'MP.00.00','Macetas petisas','Celeste T.',1,'',NOW()),
	(9,7,'MP.00.00','Macetas petisas','Azul T.',10,'',NOW()),
	(9,7,'MP.00.00','Macetas petisas','Fucsia T.',8,'',NOW()),
	(9,7,'MP.00.00','Macetas petisas','Cyan T.',3,'',NOW()),
	(9,7,'MP.00.00','Macetas petisas','Amarillo T.',10,'',NOW()),
	(4,8,'CT.00.00','Cucheta TRI Gym','Amarillo',1,'',NOW()),
	(4,8,'CT.00.00','Cucheta TRI Gym','Azul',1,'',NOW()),
	(4,8,'CT.00.00','Cucheta TRI Gym','Negro',1,'',NOW()),
	(4,8,'CT.00.00','Cucheta TRI Gym','Blanco',1,'',NOW()),
	(24,4,'SN.00.00','Soporte para notebook','Negro',390,'',NOW()),
	(23,4,'SN.00.00','Soporte para notebook','Blanco',78,'',NOW()),
	(23,4,'SN.00.00','Soporte para notebook','Gris claro',5,'',NOW()),
	(23,4,'SN.00.00','Soporte para notebook','Gris oscuro',7,'',NOW()),
	(23,4,'SN.00.00','Soporte para notebook','Azul oscuro',84,'',NOW()),
	(23,4,'SN.00.00','Soporte para notebook','Marron',75,'',NOW()),
	(23,4,'SN.00.00','Soporte para notebook','Rojo',65,'',NOW()),
	(23,4,'SN.00.00','Soporte para notebook','Azul',110,'',NOW()),
	(23,4,'SN.00.00','Soporte para notebook','Verde oscuro',6,'',NOW()),
	(23,4,'SN.00.00','Soporte para notebook','Verde manzana',4,'',NOW()),
	(23,4,'SN.00.00','Soporte para notebook','Verde',39,'',NOW()),
	(23,4,'SN.00.00','Soporte para notebook','Negro T.',122,'',NOW()),
	(23,4,'SN.00.00','Soporte para notebook','Marron T.',5,'',NOW()),
	(23,4,'SN.00.00','Soporte para notebook','Azul T.',1,'',NOW()),
	(23,4,'SN.00.00','Soporte para notebook','Blanco T.',5,'',NOW()),
	(23,4,'SN.00.00','Soporte para notebook','Verde T.',1,'',NOW()),
	(1,10,'BT.00.00','Banquitos TRI','Rojo',1,'',NOW()),
	(1,10,'BT.00.00','Banquitos TRI','Azul',4,'',NOW()),
	(1,10,'BT.00.00','Banquitos TRI','Amarillo',2,'',NOW()),
	(1,10,'BT.00.00','Banquitos TRI','Multicolor',3,'',NOW()),
	(1,10,'BT.00.00','Banquitos TRI','Blanco',2,'',NOW()),
	(1,10,'BT.00.00','Banquitos TRI','Negro',3,'',NOW()),
	(1,10,'BT.00.00','Banquitos TRI','Celeste',2,'',NOW()),
	(1,10,'BT.00.00','Banquitos TRI','Blanco T.',7,'',NOW()),
	(1,10,'BT.00.00','Banquitos TRI','Verde',1,'',NOW()),
	(1,10,'BT.00.00','Banquitos TRI','Gris',1,'',NOW()),
	(null,9,'CP.00.00','Cesto PR60','Soporte amarillo',1,'',NOW()),
	(null,9,'','Tapa de cesto','Rojo',17,'',NOW()),
	(null,9,'','Tapa de cesto','Negro',10,'',NOW()),
	(null,9,'','Tapa de cesto','Blanco',2,'',NOW()),
	(null,9,'','Tapa de cesto','Azul',6,'',NOW()),
	(null,9,'','Tapa de cesto','Amarillo',8,'',NOW()),
	(null,9,'','Tapa de cesto','Azul',4,'',NOW()),
	(null,9,'','Tapa de cesto','Amarillo',2,'',NOW()),
	(null,9,'','Tapa de cesto','Multicolor',3,'',NOW()),
	(null,9,'','Tapa de cesto','Blanco',2,'',NOW()),
	(null,9,'','Tapa de cesto','Negro',3,'',NOW()),
	(null,9,'','Tapa de cesto','Celeste',2,'',NOW()),
	(null,9,'','Tapa de cesto','Blanco T.',7,'',NOW()),
	(null,9,'','Tapa de cesto','Verde',1,'',NOW()),
	(null,9,'','Tapa de cesto','Gris',1,'',NOW()),
	(28,9,'C7.00.00','Cestos 75lts','Negros',22,'',NOW()),
	(28,9,'C7.00.00','Cestos 75lts','Azules',5,'',NOW()),
	(28,9,'C7.00.00','Cestos 75lts','Amarillo',1,'',NOW()),
	(28,9,'C7.00.00','Cestos 75lts','Multicolor',3,'',NOW()),
	(28,9,'C7.00.00','Cestos 75lts','Blanco',1,'',NOW()),
	(28,9,'C7.00.00','Cestos 75lts','Gris',1,'',NOW()),
	(28,9,'C7.00.00','Cestos 75lts','Verde',1,'',NOW()),
	(28,9,'C7.00.00','Cestos 75lts','Rosa',1,'',NOW()),
	(29,9,'C5.00.00','Cestos 50lts','Verde',1,'Sin cortar',NOW()),
	(29,9,'C5.00.00','Cestos 50lts','Negro',3,'Sin cortar',NOW()),
	(29,9,'C5.00.00','Cestos 50lts','Rosa',1,'',NOW()),
	(null,9,'C5.00.00','Cestos 3lts','Gris',2,'',NOW()),
	(null,9,'C5.00.00','Cestos 3lts','Blanco',2,'',NOW());

/*
	Insertamos el nombre del proveedor, su telefono, mail, contacto, direccion, que provee y la fecha de creacion del registro en la tabla(Se utiliza la funcion NOW() de SQL).
	En caso de no tener alguno de estos datos(excepto fecha de creacion del registro), simplemente dejar el espacio entre las comillas simples vacio.
*/
INSERT INTO proveedores(nombre,telefono,mail,web,contacto,direccion,provee,creada_el) VALUES
	('PlasDream',1165639936,'julieta.sayago@outlook.com','https://www.facebook.com/Plasdream-104945598785023/','Mariel Bernal','Carlos guido spano 4449 1650 Billinghurst, Provincia de Buenos Aires, Argentina',1,NOW()),
	('Fundacion Garrahan',1149933938,'info@fundaciongarrahan.org','https://fundaciongarrahan.org.ar/','Patricia','Alcorta, Amancio Avenida 2690, C1437HTO CABA',1,NOW()),
	('Ecotecnica del Pilar',1151824955,'ecotecnicadelpilar@hotmail.com','https://www.ecotecnicadelpilar.com.ar/','','Ruta 25, Km 11, Ramal Moreno-Pilar - Pilar (1629, B1629 Pilar, Provincia de Buenos Aires',1,NOW()),
	('Industrias Plásticas Babylin',1147612843,'babylin.rotomoldeo@gmail.com','https://www.butacasbabylin.com/inicio','','BAN, Virrey Olaguer y Feliú 4090, B1605BAN Munro, Provincia de Buenos Aires',1,NOW()),
	('Cooperativa Amanecer',1161147164,'coopamanecer@yahoo.com.ar','https://amanecer.coop.ar/','Alberto','EVR Sarandí Buenos Aires AR, Gral Deheza 1550, B1874',1,NOW()),
	('Vitech Group',1128510210,'','','Karina','',1,NOW()),
	('Cooperativa El Alamo',1131191730,'coopelalamo_adm@gmail.com','https://www.facebook.com/alamocooperativa/','Pitu','Av. de los Constituyentes 6259, C1431FAA CABA',1,NOW()),
	('Metalurgica Romagnoli',2344450030,'','http://www.metromagnoli.com.ar/','','B, RN205 Km 183, Saladillo',2,NOW()),
	('Diego Coronel Servicios Industriales',2344450335,'','http://www.dc-si.com.ar/','','Ruta 205 km 181.1, B7260 Saladillo, Provincia de Buenos Aires',2,NOW()),
	('Oxpane',1147543232,'cotizaciones@oxpane.com.ar','http://oxpane.com.ar/','','Padre M. Ashkar 575, B1672 San Martín, Provincia de Buenos Aires',2,NOW()),
	('Fanessi Electricidad',2344454423,'gabriel.fanessi@speedy.com.ar','https://www.facebook.com/profile.php?id=100040555284848','','Av. M. Cabral 3482, Saladillo, Provincia de Buenos Aires',2,NOW()),
	('Arfix - Ingeniería en Fijación',1147622775,'ventas@arfix.com.ar','https://arfix.com.ar/','','Alferez Hipólito Bouchard 4590, B1605 Munro, Provincia de Buenos Aires',2,NOW()),
	('Pintureria Saladillo',2344454280,'Pintureriasaladillo@yahoo.com.ar','https://www.facebook.com/people/Pinturer%C3%ADa-Saladillo/100057549943828/','','Saladillo 3347, Buenos Aires',2,NOW()),
	('Ferreteria El Ciego',null,'','https://www.facebook.com/ferreteria.elciego','','Mariano Acosta 2355, Saladillo, Argentina, 7260',2,NOW()),
	('Metalurgica MG',234415410667,'mg_metalurgica@outlook.com','https://www.facebook.com/metalurgicamgmiguelgonzalez/','','7260 Saladillo, Provincia de Buenos Aires, Argentina',2,NOW()),
	('Aceros Munro',1147612004,'','','','Virrey Olaguer y Feliú 5260 66, B1605BBN Munro, Provincia de Buenos Aires',2,NOW()),
	('Joaquin Macagneo Pintura Epoxy',2345519072,'gestioneltaladro@gmail.com','https://www.eltaladro.com.ar/','Joaquin Macagneo','RN205 km 183,5, B7260 Saladillo, Provincia de Buenos Aires',2,NOW()),
	('Bifreno Aluminio',1147090142,'ventas@biferno.com.ar','http://biferno.com.ar/','Silvia','Venezuela 4061, B1603BTS Villa Martelli, Provincia de Buenos Aires',2,NOW()),
	('Aluminio Ilpem',1165213798,'consultas@ilpem.com.ar','http://ilpem.com.ar/','','Sto Domingo 2451, C1293 CABA',2,NOW()),
	('Resistencias Caiponti',1161887244,'resistenciascaiponti@yahoo.com.ar','https://www.facebook.com/resistenciascaiponti','Hernan','Lomas de Zamora, Provincia de Buenos Aires, Argentina',2,NOW()),
	('Ind. Metalurgicas Lander',1152403887,'','http://landersa.com.ar/','','Avenida Rivadavia 621, B1868ANH Gran Buenos Aires, Provincia de Buenos Aires',2,NOW()),
	('Mcg Met Matriceria',1151389604,'info@mcgmet.com.ar','http://mcgmet.com.ar/','Guillermo','Boulogne - Sur Mer 1931 - Villa Maipu -San Martin',2,NOW()),
	('Ale Pulidos Matricero',1127649312,'','','','',2,NOW());

/*
	Insertamos el plastico producido mediante su id de procedencia(material(id_procedencia)), donde el valor siempre sera 2 ya que referencia al triturado,
	ingresamos el tipo de molienda del material, el tipo de plastico, su cantidad(KG), el color de este, la fecha de produccion(en caso de no saberse insrtal valor tipo null)
	, el codigo de color y la fecha de creacion del registro en la tabla(Se utiliza la funcion NOW() de SQL).
*/
INSERT INTO mproducido(id_procedencia,tipo_molienda,tipo_plastico,cantidad,color,estado,fecha,codigo,creada_el) VALUES
	(2,'gruesa','polietileno',185,'Blanco','molienda',null,'MP.MG.BA',NOW()),
	(2,'gruesa','polietileno',20,'Verde manzana','molienda',null,'MP.MG.VM',NOW()),
	(2,'gruesa','polietileno',7,'Violeta c/ blanco','molienda',null,'MP.MG.VCB',NOW()),
	(2,'gruesa','polietileno',30,'Gris','molienda',null,'MP.MG.GR',NOW()),
	(2,'gruesa','polietileno',30,'Celeste transparente','molienda',null,'MP.MG.CT',NOW()),
	(2,'gruesa','polietileno',30,'Blanco c/ celeste','molienda',null,'MP.MG.BACCL',NOW()),
	(2,'fina','polipropileno',35,'Multicolor','molienda',null,'MP.MF.MC',NOW()),
	(2,'fina','polietileno',20,'Verde manzana c/ blanco','molienda',null,'MP.MF.VMCB',NOW()),
	(2,'fina','polietileno',80,'Blanco c/ amarillo y rojo','molienda',null,'MP.MF.BAR',NOW()),
	(2,'fina','polietileno',17,'Negro','molienda',null,'MP.MF.NG',NOW()),
	(2,'fina','polietileno',30,'Blanco c/ negro','molienda',null,'MP.MF.BCN',NOW()),
	(2,'fina','PVC',5,'Azul','molienda',null,'MP.MF.AZ',NOW()),
	(2,'fina','polipropileno',7,'Rojo','molienda',null,'MP.MF.RJ',NOW()),
	(2,'fina','polipropileno-polietileno',20,'Negro c/ amarillo, verde y blanco','molienda',null,'MP.MF.NAVB',NOW()),
	(2,'fina','polietileno',7,'Caramelo','molienda',null,'MP.MF.CM',NOW()),
	(2,'fina','polietileno',170,'Blanco','molienda',null,'MP.MF.BA',NOW()),
	(2,'fina','polietileno',7,'Blanco c/ mezcla','molienda',null,'MP.MF.BCM',NOW()),
	(2,'fina','polietileno',20,'Blanco c/ azul','molienda',null,'MP.MF.BCA',NOW());

/*
	Insertamos el plastico comprado mediante su id de procedencia(material(id_procedencia)), donde el valor siempre sera 1 ya que referencia al comprado,
	ingresamos su proveedor mediante su id(proveedores(id_proveedor), añadimos el tipo de plastico, su color, a que precio fue comprado, la cantidad(KG), 
	fecha de compra(en caso de no saberse insrtal valor tipo null), el codigo de color y la fecha de creacion del registro en la tabla(Se utiliza la funcion NOW() de SQL).
*/
INSERT INTO mpcomprado(id_procedencia,id_proveedor,estado,tipo_plastico,color,precio,cantidad,fecha,codigo,creada_el) VALUES
	(1,null,'pellets','polipropileno','Rosa',300,60,null,'MP.PE.RO',NOW()),
	(1,null,'pellets','polipropileno','Verde cristal',300,20,null,'MP.PE.VCR',NOW()),
	(1,null,'pellets','polipropileno','Rojo',300,20,null,'MP.PE.RJ',NOW()),
	(1,null,'pellets','polipropileno','Azul',300,20,null,'MP.PE.AZ',NOW()),
	(1,null,'pellets','polipropileno','Marron',300,7,null,'MP.PE.MA',NOW()),
	(1,null,'pellets','polipropileno','Negro',300,35,null,'MP.PE.NG',NOW()),
	(1,null,'pellets','polipropileno','Verde oscuro',300,7,null,'MP.PE.VO',NOW()),
	(1,null,'pellets','polipropileno','Verde claro',300,7,null,'MP.PE.VCL',NOW()),
	(1,null,'pellets','polipropileno','Gris',300,30,null,'MP.PE.GR',NOW()),
	(1,null,'pellets','polipropileno','Violeta',300,20,null,'MP.PE.VT',NOW()),
	(1,null,'pellets','polipropileno','Amarillo',300,15,null,'MP.PE.AM',NOW()),
	(1,null,'pellets','polipropileno','Blanco',300,55,null,'MP.PE.BA',NOW()),
	(1,null,'pellets','polipropileno','Verde manzana',300,15,null,'MP.PE.VM',NOW()),
	(1,null,'pellets','polipropileno','Strech caramel',300,20,null,'MP.PE.SC',NOW()),
	(1,null,'pellets','polipropileno','Azul raro',300,7,null,'MP.PE.AZR',NOW()),
	(1,null,'pellets','polipropileno','Cremita',300,7,null,'MP.PE.CR',NOW()),
	(1,null,'pellets','polipropileno','Rojo bordo',300,15,null,'MP.PE.RJB',NOW()),
	(1,null,'polvo','polietileno','Rojo',600,15,null,'MP.PO.RJ',NOW()),
	(1,null,'polvo','polietileno','Verde c/ amarillo',600,20,null,'MP.PO.VCA',NOW()),
	(1,null,'polvo','polietileno','Stone',600,70,null,'MP.PO.ST',NOW()),
	(1,null,'polvo','polietileno','Blanco',600,15,null,'MP.PO.BA',NOW()),
	(1,null,'polvo','polietileno','Natural',600,165,null,'MP.PO.BA',NOW()),
	(1,null,'polvo','polietileno','White stone',600,15,null,'MP.PO.WST',NOW()),
	(1,null,'polvo','polietileno','Azul',600,20,null,'MP.PO.AZ',NOW()),
	(1,null,'polvo','polietileno','Amarillo',600,20,null,'MP.PO.AM',NOW()),
	(1,null,'polvo','polietileno','Negro',600,20,null,'MP.PO.NG',NOW()),
	(1,null,'polvo','polietileno','Verde fluor',600,20,null,'MP.PO.NG',NOW());